time,voltage
0.0,4.999979171960461
5e-06,4.999895870560722
1e-05,4.999729300377989
1.5000000000000002e-05,4.9994795058115375
2e-05,4.999146532625171
2.5e-05,4.998730427945777
3.0000000000000004e-05,4.998231240261854
3.5000000000000004e-05,4.997649019422028
4e-05,4.996983816633545
4.5e-05,4.996235684460729
5e-05,4.995404676823441
5.5e-05,4.994490848995489
6.000000000000001e-05,4.993494257603041
6.500000000000001e-05,4.992414960622998
7.000000000000001e-05,4.991253017381359
7.500000000000001e-05,4.990008488551555
8e-05,4.988681436152765
8.5e-05,4.987271923548207
9e-05,4.985780015443414
9.5e-05,4.984205777884486
0.0001,4.982549278256316
0.000105,4.980810585280799
0.00011,4.978989769015018
0.000115,4.977086900849411
0.00012000000000000002,4.975102053505913
0.000125,4.973035301036082
0.00013000000000000002,4.9708867188191945
0.000135,4.968656383560333
0.00014000000000000001,4.966344373288441
0.000145,4.963950767354363
0.00015000000000000001,4.961475646428856
0.000155,4.958919092500593
0.00016,4.956281188874133
0.00016500000000000003,4.953562020167879
0.00017,4.95076167231201
0.00017500000000000003,4.947880232546391
0.00018,4.944917789418466
0.00018500000000000002,4.941874432781132
0.00019,4.938750253790585
0.00019500000000000002,4.935545344904153
0.0002,4.9322597998781
0.00020500000000000002,4.928893713765421
0.00021,4.925447182913609
0.00021500000000000002,4.921920304962394
0.00022,4.918313178841482
0.00022500000000000002,4.914625904768253
0.00023,4.910858584245455
0.00023500000000000002,4.907011320058861
0.00024000000000000003,4.903084216274925
0.00024500000000000005,4.899077378238398
0.00025,4.894990912569943
0.000255,4.890824927163711
0.00026000000000000003,4.886579531184917
0.00026500000000000004,4.8822548350673785
0.00027,4.877850950511043
0.000275,4.873367990479493
0.00028000000000000003,4.868806069197436
0.00028500000000000004,4.864165302148165
0.00029,4.859445806071012
0.000295,4.854647698958766
0.00030000000000000003,4.849771100055091
0.00030500000000000004,4.844816129851906
0.00031,4.839782910086756
0.000315,4.83467156374016
0.00032,4.829482215032941
0.00032500000000000004,4.824214989423538
0.00033000000000000005,4.818870013605294
0.000335,4.81344741550373
0.00034,4.807947324273795
0.00034500000000000004,4.802369870297101
0.00035000000000000005,4.7967151851791385
0.000355,4.790983401746471
0.00036,4.78517465404391
0.00036500000000000004,4.779289077331672
0.00037000000000000005,4.773326808082521
0.000375,4.7672879839788855
0.00038,4.76117274390996
0.00038500000000000003,4.754981227968787
0.00039000000000000005,4.748713577449324
0.000395,4.742369934843485
0.0004,4.735950443838171
0.00040500000000000003,4.729455249312275
0.00041000000000000005,4.722884497333671
0.00041500000000000006,4.716238335156193
0.00042,4.709516911216583
0.00042500000000000003,4.702720375131426
0.00043000000000000004,4.695848877694068
0.00043500000000000006,4.68890257087152
0.00044,4.681881607801333
0.00044500000000000003,4.674786142788461
0.00045000000000000004,4.667616331302111
0.00045500000000000006,4.660372329972568
0.00046,4.653054296588005
0.000465,4.645662390091273
0.00047000000000000004,4.63819677057668
0.00047500000000000005,4.630657599286744
0.00048000000000000007,4.623045038608934
0.000485,4.615359252072392
0.0004900000000000001,4.607600404344637
0.000495,4.59976866122825
0.0005,4.591864189657549
0.000505,4.58388715769524
0.00051,4.575837734529047
0.000515,4.5677160904683385
0.0005200000000000001,4.559522396940726
0.0005250000000000001,4.551256826488647
0.0005300000000000001,4.542919552765934
0.000535,4.534510750534365
0.00054,4.526030595660201
0.000545,4.517479265110696
0.00055,4.508856936950607
0.000555,4.500163790338672
0.0005600000000000001,4.491400005524081
0.0005650000000000001,4.482565763842925
0.0005700000000000001,4.4736612477146345
0.0005750000000000001,4.464686640638394
0.00058,4.455642127189551
0.000585,4.446527893015999
0.00059,4.437344124834542
0.000595,4.428091010427261
0.0006000000000000001,4.418768738637845
0.0006050000000000001,4.409377499367915
0.0006100000000000001,4.399917483573329
0.0006150000000000001,4.3903888832604805
0.00062,4.380791891482565
0.000625,4.371126702335845
0.00063,4.361393510955892
0.000635,4.351592513513822
0.00064,4.341723907212499
0.0006450000000000001,4.331787890282741
0.0006500000000000001,4.3217846619795015
0.0006550000000000001,4.311714422578034
0.0006600000000000001,4.301577373370051
0.000665,4.291373716659855
0.00067,4.281103655760467
0.000675,4.270767394989735
0.00068,4.260365139666418
0.0006850000000000001,4.24989709610628
0.0006900000000000001,4.23936347161814
0.0006950000000000001,4.228764474499927
0.0007000000000000001,4.218100314034715
0.000705,4.207371200486744
0.00071,4.196577345097422
0.000715,4.185718960081324
0.00072,4.1747962586221625
0.0007250000000000001,4.163809454868753
0.0007300000000000001,4.152758763930966
0.0007350000000000001,4.141644401875659
0.0007400000000000001,4.130466585722598
0.0007450000000000001,4.119225533440367
0.00075,4.107921463942263
0.000755,4.096554597082171
0.00076,4.085125153650436
0.0007650000000000001,4.073633355369713
0.0007700000000000001,4.0620794248908085
0.0007750000000000001,4.0504635857885045
0.0007800000000000001,4.03878606255737
0.0007850000000000001,4.027047080607566
0.00079,4.015246866260628
0.000795,4.003385646745239
0.0008,3.9914636501929928
0.000805,3.979481105634137
0.0008100000000000001,3.9674382429933126
0.0008150000000000001,3.955335293085273
0.0008200000000000001,3.943172487610593
0.0008250000000000001,3.930950059151364
0.0008300000000000001,3.918668241166884
0.000835,3.9063272679893215
0.00084,3.89392737481938
0.000845,3.881468797721941
0.0008500000000000001,3.868951773621701
0.0008550000000000001,3.856376540298796
0.0008600000000000001,3.8437433363844056
0.0008650000000000001,3.8310524013563594
0.0008700000000000001,3.818303975534712
0.000875,3.805498300077334
0.00088,3.7926356169754594
0.000885,3.779716169049246
0.0008900000000000001,3.7667401999433103
0.0008950000000000001,3.7537079541222593
0.0009000000000000001,3.740619676866207
0.0009050000000000001,3.7274756142662775
0.0009100000000000001,3.7142760132200983
0.0009150000000000001,3.701021121427287
0.00092,3.6877111873849184
0.000925,3.674346460382992
0.00093,3.660927190499877
0.0009350000000000001,3.647453628597749
0.0009400000000000001,3.6339260263180257
0.0009450000000000001,3.620344636076777
0.0009500000000000001,3.606709711060137
0.0009550000000000001,3.593021505219697
0.0009600000000000001,3.579280273267894
0.000965,3.565486270673383
0.00097,3.5516397536564077
0.0009750000000000001,3.537740979184149
0.0009800000000000002,3.523790204966076
0.000985,3.509787689449275
0.00099,3.4957336918137814
0.000995,3.4816284719678867
0.001,3.4674722905434505
0.001005,3.453265408891192
0.00101,3.439008089075977
0.001015,3.424700593872097
0.00102,3.410343186758531
0.001025,3.395936131914208
0.00103,3.381479694213251
0.0010350000000000001,3.366974139220219
0.0010400000000000001,3.3524197331853367
0.0010450000000000001,3.337816743039714
0.0010500000000000002,3.323165436390557
0.0010550000000000002,3.3084660815163747
0.0010600000000000002,3.293718947362172
0.0010650000000000002,3.2789243035346325
0.00107,3.264082420297298
0.001075,3.249193568565736
0.00108,3.2342580199027
0.001085,3.2192760465132824
0.00109,3.2042479212400554
0.001095,3.189173917558206
0.0011,3.174054309570666
0.001105,3.158889372003227
0.00111,3.1436793801996576
0.001115,3.1284246101168
0.0011200000000000001,3.113125338319666
0.0011250000000000001,3.0977818419765324
0.0011300000000000001,3.082394398854009
0.0011350000000000002,3.066963287312124
0.0011400000000000002,3.051488786299377
0.0011450000000000002,3.035971175347808
0.0011500000000000002,3.020410734568041
0.001155,3.0048077446443284
0.00116,2.9891624868295885
0.001165,2.9734752429404363
0.00117,2.957746295352204
0.001175,2.9419759269939534
0.00118,2.9261644213434947
0.001185,2.9103120624223795
0.00119,2.894419134790897
0.001195,2.878485923543071
0.0012000000000000001,2.862512714301632
0.0012050000000000001,2.846499793213003
0.0012100000000000001,2.830447446942266
0.0012150000000000002,2.814355962668124
0.0012200000000000002,2.798225628077863
0.0012250000000000002,2.7820567313623035
0.0012300000000000002,2.7658495612107443
0.0012350000000000002,2.7496044068059056
0.00124,2.733321557818862
0.001245,2.7170013044039734
0.00125,2.700643937193809
0.001255,2.6842497472940634
0.00126,2.667819026278471
0.001265,2.6513520661837138
0.00127,2.634849159504325
0.001275,2.618310599187584
0.00128,2.6017366786284097
0.0012850000000000001,2.585127691664249
0.0012900000000000001,2.5684839325699587
0.0012950000000000001,2.5518056960526843
0.0013000000000000002,2.5350932772467334
0.0013050000000000002,2.5183469717084424
0.0013100000000000002,2.501567075411043
0.0013150000000000002,2.484753884739522
0.0013200000000000002,2.4679076964854767
0.001325,2.451028807841966
0.00133,2.4341175163983597
0.001335,2.4171741201351757
0.00134,2.4001989174189275
0.001345,2.383192206996956
0.00135,2.366154287992261
0.001355,2.3490854598983275
0.00136,2.331986022573956
0.0013650000000000001,2.3148562762380767
0.0013700000000000001,2.297696521464573
0.0013750000000000001,2.280507059177092
0.0013800000000000002,2.263288190643855
0.0013850000000000002,2.24604021747247
0.0013900000000000002,2.228763441604732
0.0013950000000000002,2.2114581653114254
0.0014000000000000002,2.1941246911871253
0.0014050000000000002,2.1767633221449927
0.00141,2.1593743614115666
0.001415,2.141958112521557
0.00142,2.124514879312632
0.001425,2.107044965920202
0.00143,2.089548676772208
0.001435,2.0720263165838984
0.00144,2.054478190352609
0.001445,2.0369046033525406
0.0014500000000000001,2.0193058611295363
0.0014550000000000001,2.00168226949585
0.0014600000000000001,1.98403413452492
0.0014650000000000002,1.96636176254614
0.0014700000000000002,1.9486654601396232
0.0014750000000000002,1.9309455341309731
0.0014800000000000002,1.9132022915860452
0.0014850000000000002,1.8954360398057104
0.0014900000000000002,1.877647086320619
0.001495,1.85983573888596
0.0015,1.842002305476223
0.001505,1.8241470942799531
0.00151,1.8062704136945136
0.001515,1.7883725723208386
0.00152,1.7704538789581918
0.001525,1.7525146425989222
0.0015300000000000001,1.734555172423217
0.0015350000000000001,1.7165757777938586
0.0015400000000000001,1.698576768250975
0.0015450000000000001,1.680558453506797
0.0015500000000000002,1.6625211434404106
0.0015550000000000002,1.644465148092509
0.0015600000000000002,1.6263907776601478
0.0015650000000000002,1.6082983424914956
0.0015700000000000002,1.5901881530805893
0.0015750000000000002,1.572060520062087
0.00158,1.5539157542060225
0.001585,1.5357541664125582
0.00159,1.5175760677067407
0.001595,1.4993817692332554
0.0016,1.4811715822511815
0.001605,1.4629458181287516
0.00161,1.4447047883381048
0.0016150000000000001,1.426448804450047
0.0016200000000000001,1.408178178128811
0.0016250000000000001,1.389893221126815
0.0016300000000000002,1.3715942452794243
0.0016350000000000002,1.3532815624997152
0.0016400000000000002,1.334955484773236
0.0016450000000000002,1.3166163241527762
0.0016500000000000002,1.2982643927531303
0.0016550000000000002,1.2799000027458685
0.0016600000000000002,1.2615234663541035
0.001665,1.2431350958472662
0.00167,1.2247352035358767
0.001675,1.206324101766321
0.00168,1.1879021029156294
0.001685,1.1694695193862532
0.00169,1.1510266636008506
0.0016950000000000001,1.1325738479970675
0.0017000000000000001,1.114111385022327
0.0017050000000000001,1.095639587128615
0.0017100000000000001,1.077158766767275
0.0017150000000000002,1.0586692363838002
0.0017200000000000002,1.0401713084126307
0.0017250000000000002,1.021665295271954
0.0017300000000000002,1.003151509358506
0.0017350000000000002,0.9846302630423778
0.0017400000000000002,0.9661018686618232
0.0017450000000000002,0.9475666385180714
0.00175,0.9290248848701398
0.001755,0.9104769199296546
0.00176,0.8919230558556707
0.001765,0.8733636047494967
0.00177,0.8547988786495243
0.001775,0.8362291895260597
0.0017800000000000001,0.8176548492761593
0.0017850000000000001,0.7990761697184698
0.0017900000000000001,0.780493462588072
0.0017950000000000002,0.7619070395313275
0.0018000000000000002,0.7433172121007309
0.0018050000000000002,0.7247242917497653
0.0018100000000000002,0.7061285898277619
0.0018150000000000002,0.6875304175747646
0.0018200000000000002,0.6689300861163991
0.0018250000000000002,0.6503279064587449
0.0018300000000000002,0.6317241894832136
0.001835,0.6131192459414309
0.00184,0.5945133864501237
0.001845,0.5759069214860124
0.00185,0.5573001613807068
0.001855,0.5386934163156082
0.00186,0.5200869963168158
0.0018650000000000001,0.5014812112500389
0.0018700000000000001,0.4828763708155138
0.0018750000000000001,0.4642727845429263
0.0018800000000000002,0.4456707617863391
0.0018850000000000002,0.4270706117191252
0.0018900000000000002,0.4084726433289065
0.0018950000000000002,0.3898771654124988
0.0019000000000000002,0.3712844865708609
0.0019050000000000002,0.3526949152040511
0.0019100000000000002,0.3341087595061889
0.0019150000000000003,0.3155263274604221
0.0019200000000000003,0.2969479268339015
0.001925,0.2783738651727599
0.00193,0.2598044497970984
0.001935,0.2412399877959788
0.00194,0.2226807860224219
0.0019450000000000001,0.2041271510884131
0.0019500000000000001,0.1855793893599134
0.001955,0.167037806951878
0.0019600000000000004,0.1485027097232809
0.001965,0.1299744032721469
0.00197,0.1114531929305893
0.001975,0.0929393837598561
0.00198,0.0744332805453817
0.0019850000000000002,0.0559351877918467
0.00199,0.037445409718244
0.0019950000000000002,0.0189642502529533
0.002,0.0004920130288213
0.0020050000000000003,-0.0179709986217489
0.00201,-0.0364244816717029
0.0020150000000000003,-0.0548681334042306
0.00202,-0.0733016514176556
0.0020250000000000003,-0.0917247336303162
0.00203,-0.1101370782854393
0.0020350000000000004,-0.1285383839560052
0.00204,-0.1469283495496062
0.0020450000000000004,-0.1653066743132955
0.00205,-0.1836730578384292
0.002055,-0.2020272000654996
0.00206,-0.2203688012889605
0.002065,-0.2386975621620439
0.0020700000000000002,-0.2570131837015688
0.002075,-0.2753153672927406
0.0020800000000000003,-0.2936038146939436
0.002085,-0.3118782280415231
0.0020900000000000003,-0.3301383098545598
0.002095,-0.3483837630396352
0.0021000000000000003,-0.3666142908955888
0.002105,-0.3848295971182645
0.0021100000000000003,-0.4030293858052504
0.002115,-0.4212133614606085
0.0021200000000000004,-0.4393812289995942
0.002125,-0.4575326937533682
0.0021300000000000004,-0.4756674614736988
0.002135,-0.4937852383376541
0.00214,-0.5118857309522851
0.002145,-0.5299686463592996
0.00215,-0.5480336920397268
0.0021550000000000002,-0.5660805759185712
0.00216,-0.5841090063694572
0.0021650000000000003,-0.6021186922192643
0.00217,-0.6201093427527524
0.0021750000000000003,-0.6380806677171768
0.00218,-0.6560323773268929
0.0021850000000000003,-0.6739641822679521
0.00219,-0.6918757937026856
0.0021950000000000003,-0.7097669232742804
0.0022,-0.7276372831113422
0.0022050000000000004,-0.7454865858324508
0.00221,-0.7633145445507021
0.0022150000000000004,-0.7811208728782427
0.00222,-0.7989052849307916
0.002225,-0.8166674953321518
0.00223,-0.8344072192187115
0.002235,-0.8521241722439349
0.0022400000000000002,-0.8698180705828412
0.002245,-0.8874886309364732
0.0022500000000000003,-0.9051355705363542
0.002255,-0.9227586071489354
0.0022600000000000003,-0.9403574590800312
0.002265,-0.9579318451792422
0.0022700000000000003,-0.9754814848443696
0.002275,-0.9930060980258146
0.0022800000000000003,-1.010505405230971
0.002285,-1.0279791275286017
0.0022900000000000004,-1.0454269865532064
0.002295,-1.062848704509378
0.0023000000000000004,-1.0802440041761447
0.002305,-1.0976126089113036
0.00231,-1.1149542426557402
0.0023150000000000002,-1.132268629937736
0.00232,-1.1495554958772662
0.0023250000000000002,-1.1668145661902838
0.00233,-1.1840455671929917
0.0023350000000000003,-1.201248225806102
0.00234,-1.218422269559086
0.0023450000000000003,-1.2355674265944083
0.00235,-1.2526834256717514
0.0023550000000000003,-1.269769996172224
0.00236,-1.2868268681025632
0.0023650000000000003,-1.3038537720993189
0.00237,-1.3208504394330265
0.0023750000000000004,-1.3378166020123683
0.00238,-1.3547519923883211
0.0023850000000000004,-1.371656343758294
0.00239,-1.388529389970247
0.002395,-1.4053708655268031
0.0024000000000000002,-1.422180505589344
0.002405,-1.4389580459820928
0.0024100000000000002,-1.4557032231961868
0.002415,-1.4724157743937327
0.0024200000000000003,-1.4890954374118524
0.002425,-1.5057419507667116
0.0024300000000000003,-1.5223550536575408
0.002435,-1.538934485970635
0.0024400000000000003,-1.5554799882833494
0.002445,-1.5719913018680705
0.0024500000000000004,-1.5884681686961857
0.002455,-1.604910331442029
0.0024600000000000004,-1.6213175334868202
0.002465,-1.6376895189225855
0.0024700000000000004,-1.6540260325560674
0.002475,-1.6703268199126189
0.00248,-1.686591627240084
0.0024850000000000002,-1.702820201512666
0.00249,-1.71901229043478
0.0024950000000000003,-1.7351676424448912
0.0025,-1.7512860067193396
0.0025050000000000003,-1.767367133176151
0.00251,-1.783410772478832
0.0025150000000000003,-1.7994166760401549
0.00252,-1.8153845960259216
0.0025250000000000003,-1.83131428535872
0.00253,-1.847205497721658
0.0025350000000000004,-1.863057987562095
0.00254,-1.878871510095342
0.0025450000000000004,-1.8946458213083648
0.00255,-1.91038067796346
0.0025550000000000004,-1.9260758376019196
0.00256,-1.941731058547684
0.002565,-1.9573460999109773
0.0025700000000000002,-1.9729207215919264
0.002575,-1.988454684284168
0.0025800000000000003,-2.00394774947844
0.002585,-2.019399679466155
0.0025900000000000003,-2.034810237342963
0.002595,-2.0501791870122963
0.0026000000000000003,-2.065506293188899
0.002605,-2.0807913214023426
0.0026100000000000003,-2.096034038000525
0.002615,-2.111234210153155
0.0026200000000000004,-2.1263916058552206
0.002625,-2.141505993930443
0.0026300000000000004,-2.156577144034713
0.002635,-2.1716048266595136
0.0026400000000000004,-2.1865888131353293
0.002645,-2.201528875635032
0.00265,-2.21642478717726
0.0026550000000000002,-2.231276321629774
0.00266,-2.246083253712804
0.0026650000000000003,-2.260845359002374
0.00267,-2.275562413933615
0.0026750000000000003,-2.290234195804061
0.00268,-2.304860482776928
0.0026850000000000003,-2.3194410538843786
0.00269,-2.333975689030768
0.0026950000000000003,-2.348464168995875
0.0027,-2.36290627543812
0.0027050000000000004,-2.3773017908977607
0.00271,-2.391650498800077
0.0027150000000000004,-2.405952183458538
0.00272,-2.4202066300779466
0.0027250000000000004,-2.4344136247575787
0.0027300000000000002,-2.448572954494298
0.002735,-2.462684407185656
0.0027400000000000002,-2.476747771632978
0.002745,-2.490762837544427
0.0027500000000000003,-2.5047293955380563
0.002755,-2.518647237144845
0.0027600000000000003,-2.532516154811713
0.002765,-2.546335941904521
0.0027700000000000003,-2.560106392711058
0.002775,-2.573827302444003
0.0027800000000000004,-2.587498467243877
0.002785,-2.601119684181979
0.0027900000000000004,-2.614690751263297
0.002795,-2.628211467429411
0.0028000000000000004,-2.641681632561373
0.002805,-2.655101047482572
0.0028100000000000004,-2.6684695139615804
0.0028150000000000002,-2.6817868347149894
0.00282,-2.695052813410215
0.0028250000000000003,-2.708267254668302
0.00283,-2.7214299640666963
0.0028350000000000003,-2.73454074814201
0.00284,-2.747599414392764
0.0028450000000000003,-2.760605771282116
0.00285,-2.7735596282405663
0.0028550000000000003,-2.786460795668656
0.00286,-2.799309084939636
0.0028650000000000004,-2.812104308402124
0.00287,-2.8248462793827467
0.0028750000000000004,-2.83753481218876
0.00288,-2.85016972211065
0.0028850000000000004,-2.8627508254247225
0.00289,-2.875277939395672
0.0028950000000000004,-2.887750882279132
0.0029000000000000002,-2.9001694733242043
0.002905,-2.912533532775979
0.0029100000000000003,-2.9248428818780288
0.002915,-2.937097342874889
0.0029200000000000003,-2.94929673901452
0.002925,-2.9614408945507518
0.0029300000000000003,-2.9735296347457045
0.002935,-2.985562785872204
0.0029400000000000003,-2.997540175216161
0.002945,-3.009461631078953
0.0029500000000000004,-3.0213269827797693
0.002955,-3.0331360606579523
0.0029600000000000004,-3.04488869607531
0.002965,-3.0565847214184187
0.0029700000000000004,-3.068223970100901
0.002975,-3.079806276565687
0.0029800000000000004,-3.091331476287262
0.0029850000000000002,-3.1027994057738897
0.00299,-3.11420990256982
0.0029950000000000003,-3.125562805257477
0.003,-3.136857953459636
0.0030050000000000003,-3.148095187841564
0.00301,-3.159274350113166
0.0030150000000000003,-3.170395283031091
0.00302,-3.181457830400833
0.0030250000000000003,-3.19246183707881
0.00303,-3.203407148974421
0.0030350000000000004,-3.2142936130520883
0.00304,-3.225121077333281
0.0030450000000000004,-3.2358893908985165
0.00305,-3.246598403889351
0.0030550000000000004,-3.2572479675103394
0.0030600000000000002,-3.267837934030989
0.0030650000000000004,-3.278368156787685
0.0030700000000000002,-3.2888384901856007
0.003075,-3.2992487897005924
0.0030800000000000003,-3.309598911881072
0.003085,-3.319888714349855
0.0030900000000000003,-3.3301180558060066
0.003095,-3.340286796026648
0.0031000000000000003,-3.3503947958687568
0.003105,-3.360441917270951
0.0031100000000000004,-3.3704280232552413
0.003115,-3.3803529779287773
0.0031200000000000004,-3.3902166464855656
0.003125,-3.400018895208176
0.0031300000000000004,-3.40975959146942
0.003135,-3.419438603734026
0.0031400000000000004,-3.429055801560273
0.0031450000000000002,-3.438611055601628
0.0031500000000000005,-3.4481042376083435
0.0031550000000000003,-3.457535220429055
0.00316,-3.4669038780123467
0.0031650000000000003,-3.476210085408304
0.00317,-3.485453718770039
0.0031750000000000003,-3.494634655355211
0.00318,-3.503752773527516
0.0031850000000000003,-3.512807952758155
0.00319,-3.5218000736273
0.0031950000000000004,-3.530729017825521
0.0032,-3.539594668155204
0.0032050000000000004,-3.548396908531948
0.00321,-3.5571356239859475
0.0032150000000000004,-3.5658107006633424
0.00322,-3.574422025827564
0.0032250000000000004,-3.582969487860652
0.0032300000000000002,-3.5914529762645566
0.0032350000000000005,-3.5998723816624194
0.0032400000000000003,-3.608227595799834
0.003245,-3.616518511546091
0.0032500000000000003,-3.6247450228954
0.003255,-3.6329070249680937
0.0032600000000000003,-3.641004414011813
0.003265,-3.649037087402673
0.0032700000000000003,-3.6570049436464047
0.003275,-3.664907882379487
0.0032800000000000004,-3.672745804370252
0.003285,-3.680518611519972
0.0032900000000000004,-3.688226206863924
0.003295,-3.695868494572448
0.0033000000000000004,-3.703445379951967
0.003305,-3.710956769446002
0.0033100000000000004,-3.71840257063616
0.0033150000000000002,-3.7257826922431057
0.0033200000000000005,-3.733097044127515
0.0033250000000000003,-3.740345537291004
0.00333,-3.7475280838770457
0.0033350000000000003,-3.754644597171858
0.00334,-3.76169499160528
0.0033450000000000003,-3.7686791827516255
0.00335,-3.775597087330524
0.0033550000000000003,-3.782448623207723
0.00336,-3.789233709395891
0.0033650000000000004,-3.7959522660553975
0.00337,-3.802604214495063
0.0033750000000000004,-3.8091894771728985
0.00338,-3.8157079776968224
0.0033850000000000004,-3.822159640825361
0.0033900000000000002,-3.828544392468325
0.0033950000000000004,-3.8348621596874657
0.0034000000000000002,-3.8411128706971223
0.0034050000000000005,-3.847296454864835
0.0034100000000000003,-3.853412842711948
0.003415,-3.8594619659141887
0.0034200000000000003,-3.865443757302233
0.003425,-3.871358150862243
0.0034300000000000003,-3.877205081736391
0.003435,-3.882984486223362
0.0034400000000000003,-3.88869630177884
0.003445,-3.894340467015966
0.0034500000000000004,-3.8999169217057874
0.003455,-3.90542560677768
0.0034600000000000004,-3.9108664643197546
0.003465,-3.916239437579241
0.0034700000000000004,-3.921544470962857
0.0034750000000000002,-3.9267815100371513
0.0034800000000000005,-3.9319505015288354
0.0034850000000000003,-3.937051393325088
0.0034900000000000005,-3.942084134473842
0.0034950000000000003,-3.94704867518406
0.0035,-3.9519449668259736
0.0035050000000000003,-3.9567729619313226
0.00351,-3.96153261419356
0.0035150000000000003,-3.9662238784680426
0.00352,-3.970846710772205
0.0035250000000000004,-3.975401068285712
0.00353,-3.9798869093505895
0.0035350000000000004,-3.9843041934713352
0.00354,-3.988652881315016
0.0035450000000000004,-3.992932934711341
0.00355,-3.997144316652718
0.0035550000000000004,-4.001286991294285
0.0035600000000000002,-4.005360923953931
0.0035650000000000005,-4.009366081112288
0.0035700000000000003,-4.01330243041271
0.0035750000000000005,-4.017169940661234
0.0035800000000000003,-4.020968581826515
0.003585,-4.024698325039746
0.0035900000000000003,-4.028359142594558
0.003595,-4.0319510079469
0.0036000000000000003,-4.035473895714904
0.003605,-4.03892778167872
0.0036100000000000004,-4.042312642780346
0.003615,-4.045628457123426
0.0036200000000000004,-4.048875203973036
0.003625,-4.052052863755452
0.0036300000000000004,-4.0551614180578905
0.003635,-4.058200849628237
0.0036400000000000004,-4.061171142374757
0.0036450000000000002,-4.064072281365776
0.0036500000000000005,-4.066904252829357
0.0036550000000000003,-4.069667044152944
0.0036600000000000005,-4.072360643882996
0.0036650000000000003,-4.074985041724599
0.00367,-4.077540228541055
0.0036750000000000003,-4.080026196353457
0.00368,-4.082442938340245
0.0036850000000000003,-4.084790448836737
0.00369,-4.087068723334649
0.0036950000000000004,-4.089277758481593
0.0037,-4.091417552080548
0.0037050000000000004,-4.093488103089327
0.00371,-4.095489411620014
0.0037150000000000004,-4.097421478938384
0.00372,-4.099284307463305
0.0037250000000000004,-4.101077900766125
0.0037300000000000002,-4.102802263570031
0.0037350000000000005,-4.104457401749403
0.0037400000000000003,-4.106043322329128
0.0037450000000000005,-4.107560033483921
0.0037500000000000003,-4.109007544537604
0.003755,-4.110385865962383
0.0037600000000000003,-4.111695009378093
0.003765,-4.112934987551438
0.0037700000000000003,-4.1141058143952005
0.003775,-4.115207504967437
0.0037800000000000004,-4.116240075470654
0.003785,-4.117203543250971
0.0037900000000000004,-4.118097926797254
0.003795,-4.118923245740237
0.0038000000000000004,-4.1196795208516255
0.0038050000000000002,-4.120366774043182
0.0038100000000000005,-4.120985028365788
0.0038150000000000002,-4.121534308008492
0.0038200000000000005,-4.122014638297535
0.0038250000000000003,-4.122426045695364
0.0038300000000000005,-4.12276855779962
0.0038350000000000003,-4.123042203342111
0.0038400000000000005,-4.123247012187768
0.0038450000000000003,-4.123383015333581
0.00385,-4.1234502449075165
0.0038550000000000004,-4.123448734167413
0.00386,-4.123378517499866
0.0038650000000000004,-4.123239630419091
0.00387,-4.123032109565767
0.0038750000000000004,-4.122755992705863
0.00388,-4.122411318729443
0.0038850000000000004,-4.121998127649463
0.0038900000000000002,-4.121516460600537
0.0038950000000000005,-4.120966359837694
0.0039000000000000003,-4.120347868735114
0.0039050000000000005,-4.119661031784843
0.00391,-4.118905894595495
0.003915,-4.118082503890934
0.003920000000000001,-4.117190907508936
0.0039250000000000005,-4.116231154399839
0.00393,-4.115203294625167
0.003935,-4.114107379356244
0.00394,-4.112943460872783
0.003945000000000001,-4.111711592561464
0.00395,-4.110411828914488
0.003955,-4.1090442255281205
0.00396,-4.107608839101212
0.003965000000000001,-4.106105727433697
0.0039700000000000004,-4.104534949425085
0.003975,-4.102896565072933
0.00398,-4.101190635471291
0.003985000000000001,-4.099417222809136
0.0039900000000000005,-4.097576390368791
0.003995,-4.095668202524326
0.004,-4.093692724739935
0.004005000000000001,-4.091650023568301
0.0040100000000000005,-4.089540166648945
0.004015,-4.087363222706556
0.00402,-4.085119261549304
0.004025,-4.082808354067128
0.004030000000000001,-4.080430572230023
0.004035,-4.077985989086299
0.00404,-4.075474678760821
0.004045,-4.072896716453238
0.004050000000000001,-4.070252178436195
0.0040550000000000004,-4.067541142053521
0.00406,-4.064763685718408
0.004065,-4.061919888911572
0.004070000000000001,-4.059009832179387
0.0040750000000000005,-4.056033597132021
0.00408,-4.052991266441535
0.004085,-4.049882923839982
0.004090000000000001,-4.046708654117475
0.0040950000000000005,-4.043468543120251
0.0041,-4.040162677748711
0.004105,-4.036791145955442
0.00411,-4.033354036743232
0.004115000000000001,-4.029851440163054
0.00412,-4.026283447312051
0.004125,-4.022650150331484
0.00413,-4.018951642404683
0.004135000000000001,-4.015188017754972
0.0041400000000000005,-4.011359371643579
0.004145,-4.007465800367526
0.00415,-4.003507401257513
0.004155000000000001,-3.999484272675775
0.0041600000000000005,-3.995396514013929
0.004165,-3.9912442256908034
0.00417,-3.9870275091502494
0.004175000000000001,-3.982746466858942
0.0041800000000000006,-3.978401202304157
0.004185,-3.9739918199915416
0.00419,-3.969518425442859
0.004195,-3.9649811251937255
0.004200000000000001,-3.960380026791327
0.004205,-3.955715238792122
0.00421,-3.950986870759529
0.004215,-3.946195033261595
0.004220000000000001,-3.941339837868656
0.0042250000000000005,-3.936421397150967
0.00423,-3.93143982467634
0.004235,-3.9263952350077416
0.004240000000000001,-3.9212877437008937
0.0042450000000000005,-3.916117467301849
0.00425,-3.910884523344553
0.004255,-3.9055890303483936
0.004260000000000001,-3.900231107815736
0.0042650000000000006,-3.8948108762294313
0.00427,-3.889328457050327
0.004275,-3.883783972714756
0.00428,-3.8781775466320014
0.004285000000000001,-3.8725093031817592
0.00429,-3.866779367711578
0.004295,-3.860987866534287
0.0043,-3.8551349269254103
0.004305000000000001,-3.849220677120564
0.0043100000000000005,-3.84324524631284
0.004315,-3.837208764650173
0.00432,-3.831111363232697
0.004325000000000001,-3.824953174110085
0.0043300000000000005,-3.818734330278871
0.004335,-3.812454965679763
0.00434,-3.80611521519494
0.004345000000000001,-3.7997152146453295
0.004350000000000001,-3.793255100787883
0.004355,-3.7867350113128215
0.00436,-3.780155084840879
0.004365,-3.773515460920527
0.004370000000000001,-3.766816280025184
0.004375,-3.760057683550415
0.00438,-3.753239813811112
0.004385,-3.746362814038664
0.004390000000000001,-3.7394268283781167
0.0043950000000000005,-3.732432001885304
0.0044,-3.725378480523984
0.004405,-3.718266411162954
0.004410000000000001,-3.711095941573144
0.0044150000000000005,-3.703867220424706
0.00442,-3.6965803972840914
0.004425,-3.689235622611107
0.004430000000000001,-3.6818330477559633
0.004435000000000001,-3.6743728249563032
0.00444,-3.666855107334227
0.004445,-3.659280048893297
0.00445,-3.651647804515533
0.004455000000000001,-3.6439585299583865
0.00446,-3.636212381851713
0.004465,-3.628409517694725
0.00447,-3.620550095852933
0.004475000000000001,-3.61263427555507
0.0044800000000000005,-3.604662216890016
0.004485,-3.5966340808036903
0.00449,-3.5885500290959484
0.004495000000000001,-3.5804102244174545
0.0045000000000000005,-3.5722148302665504
0.004505,-3.563964010986105
0.00451,-3.5556579317603525
0.004515000000000001,-3.5472967586117226
0.004520000000000001,-3.5388806583976526
0.004525,-3.530409798807392
0.00453,-3.52188434835879
0.004535,-3.513304476395074
0.004540000000000001,-3.5046703530816177
0.004545,-3.495982149402693
0.00455,-3.4872400371582115
0.004555,-3.478444188960455
0.004560000000000001,-3.4695947782307903
0.0045650000000000005,-3.460691979196381
0.00457,-3.451735966886877
0.004575,-3.442726917131097
0.004580000000000001,-3.4336650065537007
0.0045850000000000005,-3.424550412571851
0.00459,-3.4153833133918523
0.004595,-3.406163888005798
0.004600000000000001,-3.396892316188188
0.004605000000000001,-3.387568778492544
0.00461,-3.3781934562480127
0.004615,-3.3687665315559565
0.00462,-3.359288187286529
0.004625000000000001,-3.34975860707525
0.0046300000000000004,-3.340177975319558
0.004635,-3.330546477175364
0.00464,-3.3208642985535763
0.004645000000000001,-3.311131626116636
0.0046500000000000005,-3.301348647275023
0.004655,-3.2915155501837647
0.00466,-3.2816325237389266
0.004665000000000001,-3.2716997575740936
0.0046700000000000005,-3.261717442056844
0.004675,-3.251685768285208
0.00468,-3.241604928084121
0.004685000000000001,-3.2314751140018614
0.004690000000000001,-3.221296519306483
0.004695,-3.2110693379822304
0.0047,-3.200793764725957
0.004705,-3.190469994943517
0.004710000000000001,-3.1800982247461573
0.0047150000000000004,-3.1696786509468984
0.00472,-3.159211471056905
0.004725,-3.148696883281843
0.004730000000000001,-3.1381350865182323
0.0047350000000000005,-3.127526280349785
0.00474,-3.116870665043739
0.004745,-3.1061684415471773
0.004750000000000001,-3.09541981148334
0.0047550000000000005,-3.084624977147929
0.00476,-3.0737841415053992
0.004765,-3.062897508185241
0.004770000000000001,-3.051965281478259
0.004775000000000001,-3.040987666332834
0.00478,-3.0299648683511813
0.004785,-3.018897093785596
0.00479,-3.0077845495346907
0.004795000000000001,-2.99662744313963
0.0048000000000000004,-2.985425982780347
0.004805,-2.9741803772717565
0.00481,-2.962890836059957
0.004815000000000001,-2.951557569218427
0.0048200000000000005,-2.9401807874442087
0.004825,-2.9287607020540896
0.00483,-2.917297524980768
0.004835000000000001,-2.9057914687690136
0.0048400000000000006,-2.894242746571824
0.004845,-2.8826515721465635
0.00485,-2.871018159851106
0.004855000000000001,-2.8593427246399554
0.004860000000000001,-2.847625482060373
0.004865,-2.8358666482484853
0.00487,-2.824066439925387
0.004875,-2.812225074393241
0.004880000000000001,-2.8003427695313685
0.0048850000000000005,-2.7884197437923253
0.00489,-2.776456216197976
0.004895,-2.764452406335564
0.004900000000000001,-2.7524085343537665
0.0049050000000000005,-2.7403248209587465
0.00491,-2.7282014874101974
0.004915,-2.7160387555173786
0.004920000000000001,-2.7038368476351446
0.0049250000000000006,-2.691595986659969
0.00493,-2.679316396025958
0.004935,-2.66699829970086
0.004940000000000001,-2.654641922182065
0.004945000000000001,-2.6422474884926044
0.00495,-2.629815224177131
0.004955,-2.617345355297905
0.00496,-2.6048381084307697
0.004965000000000001,-2.5922937106611155
0.0049700000000000005,-2.579712389579843
0.004975,-2.5670943732793194
0.00498,-2.5544398903493266
0.004985000000000001,-2.541749169873003
0.0049900000000000005,-2.5290224414227795
0.004995,-2.516259935056311
0.005,-2.5034618813124
0.005005000000000001,-2.490628511206914
0.0050100000000000006,-2.4777600562287003
0.005015,-2.464856748335487
0.00502,-2.451918819949789
0.005025000000000001,-2.4389465039548037
0.005030000000000001,-2.425940033690292
0.005035,-2.4128996429484726
0.00504,-2.399825565969893
0.005045,-2.3867180374393078
0.005050000000000001,-2.3735772924815377
0.0050550000000000005,-2.360403566657342
0.00506,-2.3471970959592707
0.005065,-2.3339581168075134
0.005070000000000001,-2.320686866045753
0.0050750000000000005,-2.307383580937003
0.00508,-2.2940484991594445
0.005085,-2.280681858802261
0.005090000000000001,-2.267283898361464
0.005095000000000001,-2.253854856735716
0.0051,-2.240394973222149
0.005105,-2.226904487512176
0.005110000000000001,-2.2133836396873043
0.005115000000000001,-2.199832670214936
0.00512,-2.186251819944169
0.005125,-2.1726413301015963
0.00513,-2.159001442287094
0.005135000000000001,-2.145332398469612
0.0051400000000000005,-2.131634440982955
0.005145,-2.1179078125215645
0.00515,-2.1041527561362927
0.005155000000000001,-2.0903695152301776
0.0051600000000000005,-2.0765583335542077
0.005165,-2.062719455203087
0.00517,-2.0488531246110004
0.005175000000000001,-2.034959586547365
0.005180000000000001,-2.021039086112589
0.005185,-2.0070918687338177
0.00519,-1.9931181801606856
0.005195000000000001,-1.9791182664610576
0.005200000000000001,-1.9650923740167696
0.005205,-1.951040749519367
0.00521,-1.9369636399658388
0.005215,-1.922861292654352
0.005220000000000001,-1.9087339551799756
0.0052250000000000005,-1.894581875430412
0.00523,-1.880405301581716
0.005235,-1.866204482094019
0.005240000000000001,-1.8519796657072412
0.0052450000000000005,-1.837731101436816
0.00525,-1.823459038569395
0.005255,-1.809163726658564
0.005260000000000001,-1.794845415520548
0.005265000000000001,-1.7805043552299185
0.00527,-1.766140796115298
0.005275,-1.751754988755062
0.005280000000000001,-1.7373471839730383
0.005285000000000001,-1.7229176328342048
0.00529,-1.7084665866403868
0.005295,-1.6939942969259496
0.0053,-1.6795010154534926
0.005305000000000001,-1.66498699420954
0.0053100000000000005,-1.6504524854002292
0.005315,-1.6358977414469984
0.00532,-1.621323014982275
0.005325000000000001,-1.6067285588451592
0.0053300000000000005,-1.5921146260771075
0.005335,-1.5774814699176185
0.00534,-1.5628293437999077
0.005345000000000001,-1.548158501346594
0.005350000000000001,-1.5334691963653777
0.005355,-1.5187616828447157
0.00536,-1.5040362149495037
0.005365000000000001,-1.4892930470167496
0.005370000000000001,-1.4745324335512513
0.0053750000000000004,-1.4597546292212715
0.00538,-1.4449598888542126
0.005385,-1.4301484674322906
0.005390000000000001,-1.4153206200882111
0.0053950000000000005,-1.400476602100841
0.0054,-1.3856166688908818
0.005405,-1.3707410760165435
0.005410000000000001,-1.355850079169219
0.0054150000000000005,-1.3409439341691538
0.00542,-1.3260228969611223
0.005425,-1.3110872236100988
0.005430000000000001,-1.296137170296931
0.005435000000000001,-1.2811729933140144
0.00544,-1.266194949060965
0.005445,-1.2512032940402944
0.005450000000000001,-1.2361982848530844
0.005455000000000001,-1.221180178194661
0.0054600000000000004,-1.206149230850271
0.005465,-1.1911056996907587
0.00547,-1.1760498416682423
0.005475000000000001,-1.160981913811792
0.0054800000000000005,-1.1459021732231092
0.005485,-1.1308108770722058
0.00549,-1.115708282593085
0.005495000000000001,-1.1005946470794234
0.0055000000000000005,-1.0854702278802542
0.005505,-1.070335282395651
0.00551,-1.0551900680724131
0.005515000000000001,-1.0400348423997534
0.005520000000000001,-1.0248698629049866
0.005525,-1.009695387149219
0.00553,-0.9945116727230386
0.005535000000000001,-0.9793189772422106
0.005540000000000001,-0.964117558343371
0.0055450000000000004,-0.9489076736797236
0.00555,-0.9336895809167384
0.005555,-0.9184635377278528
0.005560000000000001,-0.9032298017901734
0.0055650000000000005,-0.8879886307801803
0.00557,-0.8727402823694353
0.005575,-0.8574850142202897
0.005580000000000001,-0.842223083981596
0.0055850000000000006,-0.8269547492844218
0.00559,-0.8116802677377656
0.005595,-0.796399896924276
0.005600000000000001,-0.7811138943959719
0.005605000000000001,-0.765822517669967
0.00561,-0.750526024224197
0.005615,-0.735224671493148
0.005620000000000001,-0.7199187168635887
0.005625000000000001,-0.7046084176703066
0.0056300000000000005,-0.6892940311918451
0.005635,-0.6739758146462448
0.00564,-0.6586540251867886
0.005645000000000001,-0.6433289198977492
0.0056500000000000005,-0.628000755790139
0.005655,-0.6126697897974653
0.00566,-0.5973362787714872
0.005665000000000001,-0.5820004794779772
0.0056700000000000006,-0.5666626485924856
0.005675,-0.5513230426961089
0.00568,-0.5359819182712613
0.005685000000000001,-0.5206395316974513
0.005690000000000001,-0.5052961392470601
0.005695,-0.4899519970811259
0.0057,-0.4746073612451312
0.005705000000000001,-0.4592624876647938
0.005710000000000001,-0.4439176321418625
0.0057150000000000005,-0.428573050349917
0.00572,-0.4132289978301716
0.005725,-0.3978857299872836
0.005730000000000001,-0.3825435020851656
0.0057350000000000005,-0.367202569242803
0.00574,-0.3518631864300749
0.005745,-0.336525608463581
0.005750000000000001,-0.3211900900024716
0.005755000000000001,-0.3058568855442837
0.00576,-0.2905262494207808
0.005765,-0.275198435793798
0.005770000000000001,-0.2598736986510924
0.005775000000000001,-0.2445522918021976
0.00578,-0.2292344688742839
0.005785,-0.2139204833080236
0.005790000000000001,-0.1986105883534607
0.005795000000000001,-0.1833050370658873
0.0058000000000000005,-0.1680040823017234
0.005805,-0.1527079767144042
0.00581,-0.1374169727502708
0.005815000000000001,-0.122131322644468
0.0058200000000000005,-0.1068512784168467
0.005825,-0.0915770918678723
0.00583,-0.0763090145745387
0.005835000000000001,-0.0610472978862884
0.005840000000000001,-0.0457921929209379
0.005845,-0.0305439505606093
0.00585,-0.0153028214476678
0.005855000000000001,-6.90559806652e-05
0.005860000000000001,0.01515709568971
0.005865,0.0303753836646779
0.00587,0.0455855583014041
0.005875000000000001,0.0607873702170318
0.005880000000000001,0.0759805702927074
0.0058850000000000005,0.0911649096775992
0.00589,0.10634013979291
0.005895,0.1215060123358828
0.005900000000000001,0.1366622792838007
0.0059050000000000005,0.1518086928979789
0.00591,0.1669450057277511
0.005915,0.1820709706144484
0.005920000000000001,0.1971863406953719
0.005925000000000001,0.2122908694077579
0.00593,0.2273843104927362
0.005935,0.2424664179992817
0.005940000000000001,0.2575369462881584
0.005945000000000001,0.2725956500358567
0.00595,0.2876422842385233
0.005955,0.3026766042158835
0.005960000000000001,0.3176983656151568
0.005965000000000001,0.3327073244149642
0.0059700000000000005,0.3477032369292289
0.005975,0.3626858598110694
0.00598,0.3776549500566837
0.005985000000000001,0.3926102650092279
0.0059900000000000005,0.4075515623626855
0.005995,0.4224786001657293
0.006,0.4373911368255762
0.006005000000000001,0.4522889311118327
0.006010000000000001,0.4671717421603338
0.006015,0.4820393294769732
0.00602,0.4968914529415252
0.006025000000000001,0.5117278728114597
0.006030000000000001,0.5265483497257469
0.006035,0.5413526447086557
0.00604,0.556140519173543
0.006045000000000001,0.5709117349266343
0.006050000000000001,0.5856660541707962
0.0060550000000000005,0.6004032395093009
0.00606,0.615123053949581
0.006065,0.6298252609069772
0.006070000000000001,0.6445096242084754
0.0060750000000000005,0.6591759080964369
0.00608,0.6738238772323191
0.006085,0.6884532967003866
0.006090000000000001,0.7030639320114148
0.006095000000000001,0.7176555491063842
0.0061,0.732227914360164
0.006105,0.746780794585189
0.006110000000000001,0.7613139570351262
0.006115000000000001,0.7758271694085321
0.0061200000000000004,0.7903201998525017
0.006125,0.8047928169663067
0.006130000000000001,0.8192447898050251
0.006135000000000001,0.8336758878831626
0.0061400000000000005,0.8480858811782619
0.006145,0.8624745401345051
0.00615,0.8768416356663049
0.006155000000000001,0.8911869391618868
0.0061600000000000005,0.9055102224868616
0.006165,0.9198112579877876
0.00617,0.934089818495724
0.006175000000000001,0.948345677329774
0.006180000000000001,0.9625786083006164
0.006185,0.9767883857140311
0.00619,0.9909747843744104
0.006195000000000001,1.0051375795882622
0.006200000000000001,1.0192765471677043
0.0062050000000000004,1.0333914634339465
0.00621,1.0474821052207617
0.006215000000000001,1.0615482498779505
0.006220000000000001,1.075589675274791
0.0062250000000000005,1.0896061598034827
0.00623,1.1035974823825754
0.006235,1.1175634224603912
0.006240000000000001,1.1315037600184343
0.0062450000000000006,1.1454182755747904
0.00625,1.159306750187515
0.006255,1.1731689654580129
0.006260000000000001,1.187004703534405
0.006265000000000001,1.200813747114884
0.00627,1.2145958794510625
0.006275,1.2283508843513051
0.006280000000000001,1.242078546184055
0.006285000000000001,1.255778649881145
0.0062900000000000005,1.2694509809411003
0.006295,1.283095325432429
0.006300000000000001,1.2967114699969036
0.006305000000000001,1.310299201852826
0.0063100000000000005,1.3238583087982874
0.006315,1.3373885792144138
0.00632,1.3508898020686009
0.006325000000000001,1.364361766917736
0.0063300000000000006,1.3778042639114108
0.006335,1.3912170837951223
0.00634,1.4046000179134612
0.006345000000000001,1.4179528582132874
0.006350000000000001,1.4312753972468992
0.006355,1.4445674281751832
0.00636,1.45782874477076
0.006365000000000001,1.4710591414211125
0.006370000000000001,1.4842584131317047
0.0063750000000000005,1.4974263555290894
0.00638,1.5105627648640036
0.006385000000000001,1.5236674380144493
0.006390000000000001,1.5367401724887662
0.0063950000000000005,1.549780766428691
0.0064,1.5627890186124016
0.006405,1.5757647284575549
0.006410000000000001,1.5887076960243072
0.0064150000000000006,1.6016177220183248
0.00642,1.6144946077937834
0.006425,1.6273381553563535
0.006430000000000001,1.6401481673661726
0.006435000000000001,1.6529244471408076
0.00644,1.6656667986582014
0.006445,1.6783750265596122
0.006450000000000001,1.6910489361525325
0.006455000000000001,1.7036883334136048
0.0064600000000000005,1.7162930249915174
0.006465,1.7288628182098915
0.006470000000000001,1.741397521070152
0.006475000000000001,1.7538969422543906
0.0064800000000000005,1.7663608911282118
0.006485,1.7787891777435674
0.00649,1.79118161284158
0.006495000000000001,1.8035380078553511
0.006500000000000001,1.8158581749127567
0.006505,1.828141926839232
0.00651,1.840389077160537
0.006515000000000001,1.85259944010552
0.006520000000000001,1.864772830608858
0.006525,1.8769090643137876
0.00653,1.8890079575748215
0.006535000000000001,1.901069327460457
0.006540000000000001,1.9130929917558637
0.0065450000000000005,1.92507876896556
0.00655,1.9370264783160835
0.006555000000000001,1.948935939758636
0.006560000000000001,1.960806973971725
0.0065650000000000005,1.9726394023637883
0.00657,1.9844330470758007
0.006575,1.9961877309838771
0.006580000000000001,2.007903277701853
0.006585000000000001,2.0195795115838537
0.00659,2.0312162577268538
0.006595,2.0428133419732184
0.006600000000000001,2.054370590913234
0.006605000000000001,2.0658878318876224
0.00661,2.077364892990043
0.006615,2.088801603069581
0.006620000000000001,2.1001977917332213
0.006625000000000001,2.111553289348309
0.0066300000000000005,2.122867927044996
0.006635,2.1341415367186736
0.006640000000000001,2.145373951032389
0.006645000000000001,2.1565650034192543
0.0066500000000000005,2.167714528084831
0.006655,2.178822360009512
0.00666,2.18988833495088
0.006665000000000001,2.2009122894460584
0.006670000000000001,2.211894060814043
0.006675,2.222833487158024
0.00668,2.23373040736769
0.006685000000000001,2.2445846611215186
0.006690000000000001,2.2553960888890567
0.006695,2.2661645319331805
0.0067,2.276889832312344
0.006705000000000001,2.287571832882813
0.006710000000000001,2.298210377300888
0.0067150000000000005,2.3088053100251047
0.00672,2.3193564763184265
0.006725000000000001,2.3298637222504213
0.006730000000000001,2.340326894699423
0.0067350000000000005,2.350745841354678
0.00674,2.3611204107184776
0.006745,2.3714504521082764
0.006750000000000001,2.381735815658796
0.006755000000000001,2.391976352324113
0.00676,2.402171913879733
0.006765,2.412322352924648
0.006770000000000001,2.4224275228833845
0.006775000000000001,2.4324872780080304
0.0067800000000000004,2.4425014733802515
0.006785,2.452469964913289
0.006790000000000001,2.462392609353948
0.006795000000000001,2.472269264284564
0.0068000000000000005,2.482099788124962
0.006805,2.491884040134395
0.006810000000000001,2.501621880413469
0.006815000000000001,2.511313169906055
0.0068200000000000005,2.520957770401183
0.006825,2.530555544534924
0.00683,2.5401063557922536
0.006835000000000001,2.549610068508904
0.006840000000000001,2.5590665478731967
0.006845,2.568475659927868
0.00685,2.577837271571867
0.006855000000000001,2.5871512505621506
0.006860000000000001,2.596417465515456
0.0068650000000000004,2.60563578591006
0.00687,2.614806082087524
0.006875000000000001,2.6239282252544207
0.006880000000000001,2.6330020874840514
0.0068850000000000005,2.6420275417181416
0.00689,2.6510044617685247
0.006895000000000001,2.659932722318809
0.006900000000000001,2.668812198926032
0.0069050000000000005,2.6776427680222943
0.00691,2.6864243069163853
0.006915,2.695156693795384
0.006920000000000001,2.703839807726254
0.006925000000000001,2.7124735286574166
0.00693,2.7210577374203124
0.006935,2.729592315730943
0.006940000000000001,2.7380771461914017
0.006945000000000001,2.7465121122913856
0.0069500000000000004,2.754897098409693
0.006955,2.763231989815708
0.006960000000000001,2.7715166726708618
0.006965000000000001,2.779751034030091
0.0069700000000000005,2.7879349618432663
0.006975,2.796068344956615
0.006980000000000001,2.804151073114125
0.006985000000000001,2.8121830369589347
0.0069900000000000006,2.820164128034701
0.006995,2.828094238786961
0.007,2.8359732625644734
0.007005000000000001,2.843801093620537
0.007010000000000001,2.851577627114309
0.007015,2.8593027591120963
0.00702,2.8669763865886315
0.007025000000000001,2.8745984074283397
0.007030000000000001,2.882168720426579
0.0070350000000000005,2.889687225290879
0.00704,2.897153822642153
0.007045000000000001,2.904568414015892
0.007050000000000001,2.911930901863356
0.0070550000000000005,2.9192411895527384
0.00706,2.926499181370319
0.007065000000000001,2.9337047825215965
0.007070000000000001,2.940857899132409
0.0070750000000000006,2.947958438250043
0.00708,2.9550063078443185
0.007085,2.9620014168086604
0.007090000000000001,2.9689436749611557
0.007095000000000001,2.975832993045592
0.0071,2.982669282732485
0.007105,2.9894524566200893
0.007110000000000001,2.9961824282353824
0.007115000000000001,3.002859112035051
0.0071200000000000005,3.0094824234064443
0.007125,3.016052278668522
0.007130000000000001,3.0225685950727854
0.007135000000000001,3.0290312908041828
0.0071400000000000005,3.035440284982013
0.007145,3.041795497660802
0.007150000000000001,3.0480968498311696
0.007155000000000001,3.054344263420679
0.0071600000000000006,3.0605376612946635
0.007165,3.0666769672570497
0.00717,3.0727621060511563
0.007175000000000001,3.0787930033604747
0.007180000000000001,3.084769585809444
0.007185,3.090691780964196
0.00719,3.096559517333295
0.007195000000000001,3.1023727243684607
0.007200000000000001,3.108131332465266
0.0072050000000000005,3.11383527296383
0.00721,3.119484478149487
0.007215000000000001,3.125078881253444
0.007220000000000001,3.1306184164534203
0.0072250000000000005,3.136103018874271
0.00723,3.141532624588593
0.007235000000000001,3.1469071706173195
0.007240000000000001,3.15222659493029
0.007245000000000001,3.1574908364468155
0.00725,3.1626998350362183
0.007255,3.1678535315183614
0.007260000000000001,3.1729518676641564
0.007265000000000001,3.1779947861960616
0.00727,3.182982230788557
0.007275,3.18791414606861
0.007280000000000001,3.1927904776161204
0.007285000000000001,3.197611171964352
0.0072900000000000005,3.202376176600345
0.007295,3.207085439965317
0.007300000000000001,3.211738911455041
0.007305000000000001,3.216336541420219
0.0073100000000000005,3.22087828116682
0.007315,3.225364082956426
0.007320000000000001,3.229793900006543
0.007325000000000001,3.2341676864909026
0.007330000000000001,3.238485397539751
0.007335,3.2427469892401173
0.00734,3.246952418636066
0.007345000000000001,3.251101643728933
0.007350000000000001,3.25519462347755
0.007355,3.259231317798447
0.00736,3.263211687566044
0.007365000000000001,3.2671356946128225
0.007370000000000001,3.2710033017294835
0.0073750000000000005,3.2748144726650867
0.00738,3.2785691721271766
0.007385000000000001,3.2822673657818937
0.007390000000000001,3.285909020254063
0.0073950000000000005,3.289494103127274
0.0074,3.2930225829439395
0.007405000000000001,3.296494429205341
0.007410000000000001,3.299909612371663
0.007415000000000001,3.3032681038619964
0.00742,3.3065698760543416
0.007425,3.3098149022855874
0.007430000000000001,3.3130031568514786
0.007435000000000001,3.3161346150065607
0.00744,3.319209252964116
0.007445,3.322227047896078
0.007450000000000001,3.325187977932936
0.007455000000000001,3.328092022163619
0.0074600000000000005,3.330939160635365
0.007465,3.333729374353572
0.007470000000000001,3.3364626452816397
0.007475000000000001,3.3391389563407885
0.0074800000000000005,3.341758291409867
0.007485,3.34432063532514
0.007490000000000001,3.3468259738800605
0.007495000000000001,3.3492742938250357
0.007500000000000001,3.3516655828671627
0.007505,3.3539998296699585
0.00751,3.356277023853065
0.007515000000000001,3.358497155991951
0.007520000000000001,3.3606602176175904
0.0075250000000000004,3.3627662012161217
0.00753,3.3648151002284985
0.007535000000000001,3.3668069090501227
0.007540000000000001,3.368741623030457
0.0075450000000000005,3.3706192384726297
0.00755,3.372439752633015
0.007555000000000001,3.3742031637208085
0.007560000000000001,3.375909470897573
0.0075650000000000005,3.377558674276783
0.00757,3.379150774923344
0.007575000000000001,3.3806857748530974
0.007580000000000001,3.382163677032317
0.007585000000000001,3.38358448537718
0.00759,3.3849482047532264
0.007595,3.3862548409748072
0.007600000000000001,3.38750440080451
0.007605000000000001,3.388696891952575
0.0076100000000000004,3.38983232307629
0.007615,3.390910703779373
0.007620000000000001,3.391932044611342
0.007625000000000001,3.3928963570668644
0.0076300000000000005,3.393803653585092
0.007635,3.3946539475489828
0.007640000000000001,3.3954472532846083
0.007645000000000001,3.3961835860604377
0.0076500000000000005,3.39686296208662
0.007655,3.3974853985142346
0.007660000000000001,3.3980509134345427
0.007665000000000001,3.398559525878214
0.007670000000000001,3.3990112558145364
0.007675,3.399406124150617
0.007680000000000001,3.399744152730565
0.007685000000000001,3.40002536433466
0.007690000000000001,3.400249782678499
0.0076950000000000005,3.4004174324121434
0.0077,3.4005283391192336
0.007705000000000001,3.400582529316097
0.007710000000000001,3.400580030450844
0.0077150000000000005,3.40052087090244
0.00772,3.4004050799797687
0.007725000000000001,3.400232687920682
0.007730000000000001,3.400003725891027
0.0077350000000000006,3.3997182259836656
0.00774,3.399376221217476
0.007745000000000001,3.398977745536341
0.007750000000000001,3.398522833808117
0.007755000000000001,3.398011521823592
0.00776,3.3974438462954275
0.007765000000000001,3.396819844857092
0.007770000000000001,3.396139556061764
0.007775000000000001,3.395403019381237
0.0077800000000000005,3.394610275204801
0.007785,3.393761364838106
0.007790000000000001,3.392856330502022
0.007795000000000001,3.3918952153314765
0.0078000000000000005,3.390878063374277
0.007805,3.3898049195899222
0.007810000000000001,3.388675829848397
0.007815,3.3874908409289533
0.00782,3.3862500005188747
0.007825,3.384953357212229
0.00783,3.383600960508604
0.007835,3.382192860811832
0.007840000000000001,3.3807291094287
0.007845000000000001,3.379209758567636
0.007850000000000001,3.377634861337395
0.007855000000000001,3.376004471745723
0.00786,3.3743186446980045
0.007865,3.3725774359959018
0.00787,3.370780902335978
0.007875,3.368929101308301
0.00788,3.3670220913950413
0.007885000000000001,3.3650599319690486
0.007890000000000001,3.3630426832924205
0.007895000000000001,3.3609704065150514
0.0079,3.35884316367317
0.007905,3.3566610176878635
0.00791,3.354424032363588
0.007915,3.3521322723866582
0.00792,3.3497858033237367
0.007925000000000001,3.347384691620297
0.007930000000000001,3.3449290045990736
0.007935000000000001,3.3424188104585104
0.007940000000000001,3.3398541782711813
0.007945,3.3372351779822007
0.00795,3.3345618804076254
0.007955,3.3318343572328364
0.00796,3.329052681010914
0.007965,3.326216925160991
0.007970000000000001,3.323327163966598
0.007975000000000001,3.320383472573995
0.007980000000000001,3.3173859269904864
0.007985,3.3143346040827217
0.00799,3.311229581574992
0.007995,3.308070938047498
0.008,3.304858752934622
0.008005,3.301593106523166
0.008010000000000001,3.2982740799505965
0.008015000000000001,3.294901755203268
0.008020000000000001,3.291476215114625
0.008025000000000001,3.2879975433634074
0.00803,3.284465824471823
0.008035,3.280881143803728
0.00804,3.2772435875627792
0.008045,3.273553242790576
0.00805,3.269810197364795
0.008055000000000001,3.2660145399973057
0.008060000000000001,3.262166360232277
0.008065000000000001,3.2582657484442654
0.00807,3.2543127958363
0.008075,3.250307594437941
0.00808,3.246250237103341
0.008085,3.2421408175092816
0.00809,3.2379794301532003
0.008095000000000001,3.233766170351207
0.008100000000000001,3.2295011342360893
0.008105000000000001,3.225184418755298
0.008110000000000001,3.220816121668925
0.008115,3.2163963415476715
0.00812,3.211925177770798
0.008125,3.207402730524065
0.00813,3.202829100797661
0.008135,3.1982043903841157
0.008140000000000001,3.193528701876202
0.008145000000000001,3.188802138664833
0.008150000000000001,3.184024804936931
0.008155,3.1791968056733007
0.00816,3.174318246646481
0.008165,3.1693892344185857
0.00817,3.1644098763391346
0.008175,3.1593802805428703
0.008180000000000002,3.1543005559475645
0.008185000000000001,3.1491708122518114
0.008190000000000001,3.143991159932811
0.008195000000000001,3.138761710244137
0.0082,3.1334825752134945
0.008205,3.1281538676404685
0.00821,3.122775701094257
0.008215,3.1173481899113944
0.00822,3.111871449193466
0.008225000000000001,3.1063455948048007
0.008230000000000001,3.1007707433701657
0.008235000000000001,3.0951470122724403
0.00824,3.0894745196502797
0.008245,3.083753384395771
0.00825,3.077983726152077
0.008255,3.0721656653110614
0.00826,3.066299323010916
0.008265000000000002,3.0603848211337628
0.008270000000000001,3.0544222823032543
0.008275000000000001,3.048411829882161
0.008280000000000001,3.042353587969942
0.008285,3.036247681400313
0.00829,3.0300942357387988
0.008295,3.023893377280273
0.0083,3.0176452330464896
0.008305,3.011349930783604
0.008310000000000001,3.0050075989596827
0.008315000000000001,2.998618366762203
0.008320000000000001,2.9921823640955374
0.008325,2.985699721578431
0.00833,2.9791705705414726
0.008335,2.9725950430245462
0.00834,2.965973271774277
0.008345,2.9593053902414668
0.008350000000000002,2.952591532578518
0.008355000000000001,2.9458318336368494
0.008360000000000001,2.939026428964298
0.008365000000000001,2.932175454802512
0.00837,2.9252790480843336
0.008375,2.9183373464311764
0.00838,2.911350488150381
0.008385,2.904318612232573
0.00839,2.8972418583490045
0.008395000000000001,2.890120366848882
0.008400000000000001,2.882954278756696
0.008405000000000001,2.8757437357695297
0.00841,2.8684888802543616
0.008415,2.8611898552453594
0.00842,2.853846804441164
0.008425,2.846459872202161
0.00843,2.839029203547747
0.008435000000000002,2.8315549441535808
0.008440000000000001,2.8240372403488285
0.008445000000000001,2.8164762391134035
0.008450000000000001,2.8088720880751863
0.008455,2.8012249355072427
0.00846,2.7935349303250305
0.008465,2.7858022220835985
0.00847,2.778026960974773
0.008475,2.770209297824339
0.008480000000000001,2.7623493840892057
0.008485000000000001,2.7544473718545737
0.008490000000000001,2.746503413831083
0.008495,2.7385176633519563
0.0085,2.730490274370132
0.008505,2.722421401455392
0.00851,2.714311199791476
0.008515,2.706159825173188
0.008520000000000002,2.697967434003496
0.008525000000000001,2.689734183290624
0.008530000000000001,2.6814602306451265
0.008535000000000001,2.6731457342769707
0.00854,2.664790852992594
0.008545,2.656395746191962
0.00855,2.647960573865615
0.008555,2.639485496591707
0.00856,2.6309706755330384
0.008565000000000001,2.6224162724340765
0.008570000000000001,2.613822449617968
0.008575000000000001,2.605189369983549
0.00858,2.596517197002339
0.008585,2.5878060947155346
0.00859,2.579056227730989
0.008595,2.570267761220187
0.0086,2.561440860915209
0.008605000000000002,2.5525756931056924
0.008610000000000001,2.54367242463578
0.008615000000000001,2.534731222901063
0.008620000000000001,2.525752255845517
0.008625,2.5167356919584294
0.00863,2.507681700271319
0.008635,2.498590450354848
0.00864,2.489462112315727
0.008645,2.4802968567936143
0.008650000000000001,2.4710948549580043
0.008655000000000001,2.461856278505111
0.008660000000000001,2.452581299654745
0.008665,2.4432700911471805
0.00867,2.433922826240019
0.008675,2.4245396787050417
0.00868,2.4151208228250574
0.008685,2.4056664333907447
0.008690000000000002,2.3961766856974838
0.008695000000000001,2.386651755542183
0.008700000000000001,2.3770918192201025
0.008705000000000001,2.367497053521662
0.00871,2.3578676357292525
0.008715,2.3482037436140346
0.00872,2.3385055554327305
0.008725,2.3287732499244136
0.00873,2.3190070063072885
0.008735000000000001,2.309207004275464
0.008740000000000001,2.299373423995722
0.008745000000000001,2.28950644610428
0.00875,2.279606251703544
0.008755,2.269673022358862
0.00876,2.259706940095263
0.008765,2.249708187394197
0.00877,2.239676947190265
0.008775000000000002,2.2296134028679457
0.008780000000000001,2.219517738258313
0.008785000000000001,2.2093901376357508
0.008790000000000001,2.199230785714661
0.008795,2.1890398676461653
0.0088,2.178817569014803
0.008805,2.1685640758352203
0.00881,2.1582795745488577
0.008815,2.1479642520206275
0.008820000000000001,2.137618295535592
0.008825000000000001,2.1272418927956296
0.008830000000000001,2.116835231916101
0.008835,2.106398501422508
0.00884,2.095931890247144
0.008845,2.085435587725748
0.00885,2.074909783594142
0.008855,2.0643546679848765
0.008860000000000002,2.053770431423858
0.008865000000000001,2.0431572648269807
0.008870000000000001,2.032515359496749
0.008875000000000001,2.0218449071188984
0.00888,2.0111460997590096
0.008885,2.0004191298591167
0.00889,1.9896641902343148
0.008895,1.9788814740693583
0.0089,1.96807117491526
0.008905000000000001,1.9572334866858805
0.008910000000000001,1.946368603654516
0.008915000000000001,1.935476720450484
0.00892,1.924558032055698
0.008925,1.9136127338012487
0.00893,1.902641021363968
0.008935,1.8916430907630004
0.00894,1.8806191383563624
0.008945000000000002,1.8695693608375037
0.008950000000000001,1.8584939552318624
0.008955000000000001,1.8473931188934156
0.008960000000000001,1.8362670495012237
0.008965,1.8251159450559788
0.00897,1.8139400038765423
0.008975,1.8027394245964812
0.00898,1.7915144061606028
0.008985,1.7802651478214817
0.008990000000000001,1.7689918491359875
0.008995000000000001,1.7576947099618088
0.009000000000000001,1.746373930453969
0.009005,1.735029711061346
0.00901,1.7236622525231842
0.009015,1.712271755865605
0.00902,1.7008584223981127
0.009025,1.6894224537100997
0.009030000000000002,1.677964051667346
